Username,Password
Henry_Consult,Vp$2^mZ!5T&b
Lauren_Advisory,123456
Zachary_Code,K^p8#v!D3aG&
Kelly_Strategy,L&g5#$a!9F%t
Douglas_Metrics,9z#b@R3f$6Lm
Christina_Solutions,0#f&A!v$5U%c
Peter_Connect,7890
Joan_Lead,Z$a5!E%u0J&d
Noah_Global,J!o5#E$8r&W%
Judith_Vision,B#n9%c!V$1R&
Kyle_Force,4&uX#c!F$7P%
Ethan_HQ,N!l3&q$8J%v#
Christian_Works,Q!o2%k&T#4sB
Jeremy_Advise,3$t@G%b!9J&c
Keith_Systems,H&e1#p$5B!q%
Austin_Tech,T#g3$d!A@9B&
Sean_Expert,sunmoon
Roger_Managed,P$f3!t&Y%2A#
Terry_Solutions,G&e7@$k!3Z#h
Walter_Drive,M@d0L!x$7uE^
Dylan_Core,aaaaaa
Gerald_Focus,G%d2!K#r@5W&
Carl_Agency,L&p1#$o@5uF%
Jordan_Forward,5d#P!z$6R&yT
Bryan_Next,password
Hannah_Pro,4@aZ$c!P#6hJ
Christian_Group,D!v1&P%o8T@x
Evelyn_Tech,123qwe
Jeremy_Firm,R#y4!e$0A%hL
Andrea_Insight,P!a6$c&W%9T#
Keith_Project,8@s#d%b!4E&j
Virginia_Works,D%p7$n#0A!r&
Austin_Capital,S$i4!%t@2L#g
Megan_Agency,Z%v5!w#P@2tL
Sean_Focus,9!w$F@5X#q%j
Cheryl_Builds,B#p6$j!Q%1F&
Roger_Exec,W#c0$b%7J!mR
Jacqueline_Next,0$y@T#d%3I!w
Terry_Prime,V!g2%h$8F#s@
Madison_Elevate,J#d7%c@1B$k&
Walter_Source,5@L%n!x$9Z#p
Sophia_CFO,H*a9%N4zE@sL
Dylan_Resource,c4B(jM$2^qP&
Abigail_Project,mypass
Gerald_Growth,X&w5?T!k$9jZ
Teresa_Team,%Q0v*C!o3S&p
Carl_Global,r1E#gD$7yZ%w
Isabella_Edge,S!t6&H@4jN$c
Bryan_Integrity,V@d7%i#J$5K&
Gabriel_Metrics,Z%v5!w#P@2tL
Peter_Digital,Y&o9#D!g@1F$
Joan_Source,L&g5#$a!9F%t
Noah_Optimize,G%d2!K#r@5W&
Judith_Drive,L!r3%s@8H&vK
Kyle_Future,R&v8!c%X$2J#
Ruth_Managed,12345678
Ethan_Connect,9k&L#$e!5G@f
Hannah_Analytics,B#p6$j!Q%1F&
Christian_Metrics,T#c9$w!A%5R&
Evelyn_Consult,24680
Jeremy_Digital,112233
Andrea_Achieve,6!g%D#r$0J@h
Keith_Advisors,P&z2#$x@8I!t
Virginia_Systems,workhard
Austin_Focus,L$w0&v%Z!4H#
Megan_Source,B!t7#%o@9S&k
Sean_Develops,E&p3!%d#1Q$a
Cheryl_Method,8@R#y$f%0W!z
Roger_Expert,G%v4$t!N#2U@
Jacqueline_HQ,X!q9#&k@5P$o
Terry_Drive,C$e1&r%A!7J#
Walter_Vision,T!c8%j@3S#p&
Dylan_Progress,V#b6$m!G%0C&
Gerald_Team,Z$w9!%s@6H#g
Carl_Resource,5u$Y!t#R@6N&
Alice_Systems,N#k0$g!E%6Y@
Arthur_Vantage,O$m6%y#A!8C&
Bruce_Core,1@sZ!x%H$4R#
Billy_Visions,L!r3%s@8H&vK
Elijah_Exec,T#h5$j%K!2W@
Joe_Leads,8&eP!q#$6G%u
Alan_Agency,0$y@T#d%3I!w
Juan_Venture,V!g2%h$8F#s@
Liam_Group,J#d7%c@1B$k&
Willie_Builds,5@L%n!x$9Z#p
Mason_Progress,H*a9%N4zE@sL
Albert_Capital,c4B(jM$2^qP&
Randy_Works,X&w5?T!k$9jZ
Wayne_Resource,%Q0v*C!o3S&p
Vincent_Team,9876
Lucas_Forward,admin
Caleb_Solutions,qwert123
Luke_Source,testing
Bobby_Prime,998877
Isaac_Logic,zyxwvut
Bradley_Metrics,IloveDogs
Christina_CFO,12345678
Judy_Group,user1
Danielle_Pro,psswrd