Name,Password
Olivia,0l!v!@~P@rk
Emma,emma00
Amelia,@m3L!a_R@y
Charlotte,charlotte
Ava,@v@_B3st#1
Sophia,sophiaS
Isabella,!s@b3ll@**99
Mia,mia.mia
Evelyn,EvyL!n_J0y
Harper,harp09
Evelyn,evelyn!
Abigail,@b!g@!l_W!nt
Emily,emily.E
Luna,LUn@_M00n!
Ella,ella12
Avery,@v3rY_C00L
Camila,camilaC
Willow,W!ll0w^Tr33
Nova,novaX
Eliana,3l!@nA_Sun
Scarlett,$c@rl3tT_L!P
Sofia,sofia2
Aria,@r!@_R@!n
Chloe,chloe.C
Layla,L@yL@_N!ght
Penelope,penny.P
Riley,R!L3y_J@n3
Aubrey,aubrey!
Mila,M!l@_Dr3am
Stella,stellaS
Liam,liam123
Noah,N0@h_R0ck$
Oliver,ollyO
Elijah,E!ij@h_D@y
James,james.P
Henry,H3nrY^W!n
Lucas,lukeP
William,W!ll1amF0x#
Benjamin,benny
Leo,L30_K!nGhT
Alexander,@L3xAnd3R19
Ezra,ezra.R
Samuel,S@mUeL**33
Mateo,mateoX
Daniel,D@n!el~B0y19
Levi,levi.1
Michael,MiCh@el_L!fe3
Ethan,e.man
Theodore,Th30d0rE#99
Joseph,joeys
Luca,LUC@_G@M3r
Elias,elias2
Hudson,HuD50n#B3st
Owen,owen.A
Jack,J@ck_Fl@sh
Jackson,jaxon
Aiden,@!d3n_P0w3r
John,jojo
David,D@v!D^Z0n3
Logan,logan.
Evelyn,evelyn!
Abigail,@b!g@!l_W!nt
Emily,emily.E
Luna,LUn@_M00n!
Ella,ella12
Avery,@v3rY_C00L
Camila,camilaC
Willow,W!ll0w^Tr33
Nova,novaX
Eliana,3l!@nA_Sun
Scarlett,$c@rl3tT_L!P
Sofia,sofia2
Aria,@r!@_R@!n
Chloe,chloe.C
Layla,L@yL@_N!ght
Penelope,penny.P
Riley,R!L3y_J@n3
Aubrey,aubrey!
Mila,M!l@_Dr3am
Stella,stellaS
Zoey,Z03y_P@lm
Madison,maddie
Grace,Gr@c3_F!ll
Natalie,nat.D
Camila,C@m!L@_D@n
Hannah,hannah2
Lillian,L!lL!@n_L0g
Brooklyn,brook!
Zoey,Z03y_P!nk
Naomi,naomiN